<?xml version="1.0" encoding="UTF-8" standalone="yes"?>

<repertoire>
	<!--John DOE -->
	<personne sexe="masculin">
		<nom>
			DOE
		</nom>
		<prenom>
			John
		</prenom>
		<adresse>
			<numero> 7
			</numero>
			<voie type="impasse">impasse du chemin
			</voie>
			<codePostal>
				75015
			</codePostal>
			<ville> Paris
			</ville>
			<pays> France
			</pays>
		</adresse>
		<telephones>
			<telephone type="fixe"> 01 02 03 04 05 
			</telephone>
			<telephone type="professionnel">06 07 08 09 10
			</telephone>
		</telephones>
		<emails>
			<email type="personel"> john.doe@wanadoo.fr
			</email>
			<email type="professionnel">
				john.doe@societe.com
			</email>
		</emails>
	</personne>
	
	<!-- Marie POPPINS -->
	<!-- Fire pareil -->
</repertoire>
<!-- New document created with EditiX at Fri Jan 29 11:24:23 CET 2016 -->


